{"cameraMode":{"drawMode":2,"name":"Shaded Wireframe","section":"Shading Mode"},"sceneLighting":true,"audioPlay":false,"sceneViewState":{"showFog":true,"showMaterialUpdate":true,"showSkybox":true,"showFlares":true,"showImageEffects":true,"showParticleSystems":true},"in2DMode":false,"pivot":{"x":-11.108039855957032,"y":-3.2399790287017824,"z":-7.084405422210693},"rotation":{"x":0.05716881901025772,"y":-0.11743547767400742,"z":0.0067718117497861389,"w":0.991413414478302},"size":12.622374534606934,"orthographic":false}