{"cameraMode":{"drawMode":2,"name":"Shaded Wireframe","section":"Shading Mode"},"sceneLighting":false,"audioPlay":false,"sceneViewState":{"showFog":true,"showMaterialUpdate":true,"showSkybox":false,"showFlares":true,"showImageEffects":true,"showParticleSystems":true},"in2DMode":false,"pivot":{"x":4.76837158203125e-7,"y":2.3913607597351076,"z":-3.89619779586792},"rotation":{"x":-0.26907646656036379,"y":0.07618071883916855,"z":-0.02135179378092289,"w":-0.9598742723464966},"size":15.731667518615723,"orthographic":false}